Time,EMG_zyg,EMG_cor
0.0005,0.135803223,0.115661621
0.001,0.13671875,0.130004883
0.0015,0.1171875,0.120849609
0.002,0.119628906,0.117492676
0.0025,0.118408203,0.119018555
0.003,0.101318359,0.109863281
0.0035,0.090026855,0.102539063
0.004,0.070495605,0.094604492
0.0045,0.0390625,0.076599121
0.005,0.007629395,0.054321289
0.0055,-0.003051758,0.038452148
0.006,-0.020446777,0.023193359
0.0065,-0.033874512,0.003356934
0.007,-0.053100586,-0.018310547
0.0075,-0.068969727,-0.037536621
0.008,-0.087280273,-0.058288574
0.0085,-0.120849609,-0.089111328
0.009,-0.130310059,-0.108947754
0.0095,-0.114440918,-0.102539063
0.01,-0.111083984,-0.099487305
0.0105,-0.151367188,-0.131530762
0.011,-0.154724121,-0.147094727
0.0115,-0.140380859,-0.137939453
0.012,-0.140991211,-0.137939453
0.0125,-0.137329102,-0.132141113
0.013,-0.119628906,-0.121765137
0.0135,-0.106506348,-0.110168457
0.014,-0.090026855,-0.09552002
0.0145,-0.054321289,-0.072021484
0.015,-0.023498535,-0.045471191
0.0155,-0.007019043,-0.02746582
0.016,0.003051758,-0.009765625
0.0165,0.015258789,0.008239746
0.017,0.036621094,0.025634766
0.0175,0.053405762,0.033874512
0.018,0.072021484,0.044555664
0.0185,0.101928711,0.067443848
0.019,0.112609863,0.083312988
0.0195,0.099182129,0.081481934
0.02,0.095214844,0.08026123
0.0205,0.138549805,0.111999512
0.021,0.144042969,0.130004883
0.0215,0.128479004,0.11932373
0.022,0.128479004,0.115661621
0.0225,0.127563477,0.11505127
0.023,0.110473633,0.104370117
0.0235,0.097045898,0.091552734
0.024,0.07598877,0.078125
0.0245,0.046691895,0.058898926
0.025,0.014648438,0.030822754
0.0255,0.000915527,0.011291504
0.026,-0.012512207,0
0.0265,-0.027160645,-0.014343262
0.027,-0.047912598,-0.034179688
0.0275,-0.063171387,-0.04699707
0.028,-0.081176758,-0.058898926
0.0285,-0.116882324,-0.088500977
0.029,-0.124511719,-0.104980469
0.0295,-0.108642578,-0.097351074
0.03,-0.10345459,-0.091247559
0.0305,-0.142822266,-0.116271973
0.031,-0.145568848,-0.13092041
0.0315,-0.129699707,-0.12512207
0.032,-0.13092041,-0.124511719
0.0325,-0.129394531,-0.123291016
0.033,-0.111083984,-0.108947754
0.0335,-0.104370117,-0.101623535
0.034,-0.084533691,-0.086975098
0.0345,-0.053405762,-0.059509277
0.035,-0.020446777,-0.032348633
0.0355,-0.004882813,-0.009765625
0.036,0.010070801,0.002441406
0.0365,0.020446777,0.016174316
0.037,0.039978027,0.034484863
0.0375,0.060424805,0.049133301
0.038,0.078430176,0.059814453
0.0385,0.107727051,0.082702637
0.039,0.117797852,0.098266602
0.0395,0.102233887,0.09185791
0.04,0.098571777,0.08972168
0.0405,0.141296387,0.112915039
0.041,0.146789551,0.121765137
0.0415,0.127563477,0.110168457
0.042,0.127563477,0.107727051
0.0425,0.126647949,0.112609863
0.043,0.109558105,0.105285645
0.0435,0.09979248,0.093994141
0.044,0.079345703,0.078430176
0.0445,0.04699707,0.05859375
0.045,0.019226074,0.037536621
0.0455,0.00213623,0.021972656
0.046,-0.011291504,0.013427734
0.0465,-0.028686523,-0.000610352
0.047,-0.050048828,-0.018920898
0.0475,-0.065612793,-0.034790039
0.048,-0.082092285,-0.05065918
0.0485,-0.11505127,-0.074768066
0.049,-0.127258301,-0.083312988
0.0495,-0.109863281,-0.075683594
0.05,-0.104370117,-0.073852539
0.0505,-0.145568848,-0.107421875
0.051,-0.152893066,-0.127868652
0.0515,-0.137023926,-0.126647949
0.052,-0.13458252,-0.123596191
0.0525,-0.133056641,-0.120544434
0.053,-0.113220215,-0.110778809
0.0535,-0.104064941,-0.102844238
0.054,-0.088500977,-0.090026855
0.0545,-0.05645752,-0.05859375
0.055,-0.026550293,-0.033874512
0.0555,-0.007324219,-0.010375977
0.056,0.00213623,0.003662109
0.0565,0.013122559,0.016174316
0.057,0.034179688,0.029602051
0.0575,0.051879883,0.043640137
0.058,0.067138672,0.055541992
0.0585,0.100097656,0.08026123
0.059,0.111694336,0.093688965
0.0595,0.09185791,0.084533691
0.06,0.088195801,0.076293945
0.0605,0.130310059,0.098876953
0.061,0.135192871,0.11138916
0.0615,0.115661621,0.10345459
0.062,0.113830566,0.10345459
0.0625,0.113525391,0.106201172
0.063,0.092163086,0.097961426
0.0635,0.08026123,0.090332031
0.064,0.061950684,0.077819824
0.0645,0.032653809,0.057373047
0.065,0.004882813,0.031433105
0.0655,-0.012512207,0.010986328
0.066,-0.023498535,0.001220703
0.0665,-0.03692627,-0.01373291
0.067,-0.055236816,-0.031738281
0.0675,-0.069274902,-0.045166016
0.068,-0.084533691,-0.060424805
0.0685,-0.11505127,-0.089111328
0.069,-0.123901367,-0.105895996
0.0695,-0.10345459,-0.097045898
0.07,-0.093688965,-0.088500977
0.0705,-0.124816895,-0.108337402
0.071,-0.130004883,-0.119628906
0.0715,-0.118713379,-0.114440918
0.072,-0.13092041,-0.12298584
0.0725,-0.133056641,-0.127563477
0.073,-0.110778809,-0.115966797
0.0735,-0.09979248,-0.10559082
0.074,-0.086364746,-0.095825195
0.0745,-0.051269531,-0.075073242
0.075,-0.019836426,-0.050048828
0.0755,-0.000610352,-0.028381348
0.076,0.008850098,-0.01373291
0.0765,0.015258789,0.00213623
0.077,0.039367676,0.023498535
0.0775,0.05859375,0.043029785
0.078,0.077209473,0.065002441
0.0785,0.107421875,0.08972168
0.079,0.119628906,0.106201172
0.0795,0.104370117,0.094604492
0.08,0.09979248,0.086364746
0.0805,0.139770508,0.110473633
0.081,0.149536133,0.129699707
0.0815,0.129089355,0.117492676
0.082,0.127258301,0.114746094
0.0825,0.130004883,0.118103027
0.083,0.113220215,0.108947754
0.0835,0.101013184,0.099487305
0.084,0.080871582,0.084838867
0.0845,0.048217773,0.061645508
0.085,0.020141602,0.039672852
0.0855,-0.002441406,0.018920898
0.086,-0.013122559,0.008239746
0.0865,-0.026855469,-0.007629395
0.087,-0.045776367,-0.021972656
0.0875,-0.062866211,-0.036315918
0.088,-0.081481934,-0.057983398
0.0885,-0.118408203,-0.090332031
0.089,-0.128173828,-0.108337402
0.0895,-0.110473633,-0.101623535
0.09,-0.10345459,-0.091247559
0.0905,-0.14251709,-0.115661621
0.091,-0.149536133,-0.130615234
0.0915,-0.129394531,-0.118103027
0.092,-0.130310059,-0.11505127
0.0925,-0.129089355,-0.117492676
0.093,-0.111999512,-0.103149414
0.0935,-0.101623535,-0.092468262
0.094,-0.085144043,-0.079650879
0.0945,-0.05279541,-0.056762695
0.095,-0.022277832,-0.028076172
0.0955,-0.002746582,-0.012817383
0.096,0.011291504,-0.005493164
0.0965,0.021362305,0.001525879
0.097,0.043945313,0.01739502
0.0975,0.062255859,0.030517578
0.098,0.082092285,0.044250488
0.0985,0.114135742,0.067749023
0.099,0.127563477,0.084533691
0.0995,0.11138916,0.073547363
0.1,0.10345459,0.065917969
0.1005,0.146789551,0.087585449
0.101,0.156860352,0.103149414
0.1015,0.135803223,0.094604492
0.102,0.133666992,0.096740723
0.1025,0.132446289,0.098876953
0.103,0.113220215,0.093383789
0.1035,0.102233887,0.090942383
0.104,0.083312988,0.08392334
0.1045,0.054321289,0.067443848
0.105,0.024108887,0.049133301
0.1055,0.004577637,0.029602051
0.106,-0.006408691,0.020446777
0.1065,-0.021057129,0.009155273
0.107,-0.040893555,-0.006713867
0.1075,-0.057678223,-0.023498535
0.108,-0.073242188,-0.043640137
0.1085,-0.106811523,-0.070800781
0.109,-0.120544434,-0.097045898
0.1095,-0.107116699,-0.09552002
0.11,-0.100708008,-0.091247559
0.1105,-0.140380859,-0.122680664
0.111,-0.146484375,-0.140991211
0.1115,-0.131225586,-0.131835938
0.112,-0.133666992,-0.131225586
0.1125,-0.131530762,-0.133972168
0.113,-0.11505127,-0.127563477
0.1135,-0.103759766,-0.119934082
0.114,-0.086364746,-0.109558105
0.1145,-0.054626465,-0.089111328
0.115,-0.025939941,-0.060119629
0.1155,-0.002746582,-0.034790039
0.116,0.005493164,-0.021362305
0.1165,0.018920898,-0.00793457
0.117,0.041503906,0.012817383
0.1175,0.05859375,0.034484863
0.118,0.074768066,0.056762695
0.1185,0.106506348,0.083312988
0.119,0.120849609,0.105285645
0.1195,0.104675293,0.101013184
0.12,0.098266602,0.092468262
0.1205,0.135192871,0.114135742
0.121,0.145263672,0.129699707
0.1215,0.126647949,0.118713379
0.122,0.125732422,0.114746094
0.1225,0.126342773,0.117797852
0.123,0.11138916,0.110168457
0.1235,0.097351074,0.104370117
0.124,0.079956055,0.094604492
0.1245,0.050048828,0.073547363
0.125,0.017700195,0.047302246
0.1255,0.001220703,0.030822754
0.126,-0.013122559,0.022277832
0.1265,-0.029602051,0.013122559
0.127,-0.050964355,-0.003356934
0.1275,-0.066223145,-0.01953125
0.128,-0.085144043,-0.037536621
0.1285,-0.116271973,-0.068664551
0.129,-0.133666992,-0.092773438
0.1295,-0.115966797,-0.087280273
0.13,-0.107421875,-0.085144043
0.1305,-0.14831543,-0.109863281
0.131,-0.15838623,-0.129089355
0.1315,-0.143127441,-0.123596191
0.132,-0.140686035,-0.123596191
0.1325,-0.139770508,-0.122680664
0.133,-0.121765137,-0.111999512
0.1335,-0.110168457,-0.105285645
0.134,-0.094909668,-0.098266602
0.1345,-0.063781738,-0.081787109
0.135,-0.03112793,-0.054931641
0.1355,-0.012512207,-0.030212402
0.136,-0.000915527,-0.013122559
0.1365,0.009460449,0
0.137,0.032958984,0.018005371
0.1375,0.05279541,0.036621094
0.138,0.068969727,0.051879883
0.1385,0.097351074,0.080566406
0.139,0.111694336,0.10345459
0.1395,0.097045898,0.101928711
0.14,0.089111328,0.102539063
0.1405,0.129089355,0.123901367
0.141,0.140380859,0.14251709
0.1415,0.119934082,0.126953125
0.142,0.118408203,0.112915039
0.1425,0.118408203,0.110473633
0.143,0.100097656,0.10559082
0.1435,0.084533691,0.097351074
0.144,0.06652832,0.085449219
0.1445,0.037231445,0.064697266
0.145,0.003356934,0.03326416
0.1455,-0.015869141,0.004577637
0.146,-0.02746582,-0.008544922
0.1465,-0.04119873,-0.023498535
0.147,-0.063476563,-0.042724609
0.1475,-0.076904297,-0.054016113
0.148,-0.093383789,-0.063171387
0.1485,-0.13092041,-0.085754395
0.149,-0.144042969,-0.100402832
0.1495,-0.127258301,-0.090026855
0.15,-0.120544434,-0.080566406
0.1505,-0.160522461,-0.102844238
0.151,-0.171813965,-0.120544434
0.1515,-0.154418945,-0.115356445
0.152,-0.152282715,-0.1171875
0.1525,-0.152893066,-0.121459961
0.153,-0.135192871,-0.11505127
0.1535,-0.120849609,-0.107116699
0.154,-0.103149414,-0.096740723
0.1545,-0.07232666,-0.075683594
0.155,-0.04119873,-0.048522949
0.1555,-0.022277832,-0.022277832
0.156,-0.008239746,-0.006408691
0.1565,-0.002746582,0.004577637
0.157,0.020141602,0.020751953
0.1575,0.038757324,0.038757324
0.158,0.057373047,0.05279541
0.1585,0.090332031,0.076904297
0.159,0.108337402,0.099182129
0.1595,0.092773438,0.09979248
0.16,0.085449219,0.092468262
0.1605,0.123901367,0.111694336
0.161,0.137023926,0.126647949
0.1615,0.115661621,0.116882324
0.162,0.115661621,0.115661621
0.1625,0.11505127,0.118713379
0.163,0.098266602,0.112304688
0.1635,0.084838867,0.107727051
0.164,0.065917969,0.09765625
0.1645,0.038146973,0.076904297
0.165,0.007629395,0.054626465
0.1655,-0.014343262,0.0390625
0.166,-0.022888184,0.029907227
0.1665,-0.034790039,0.015869141
0.167,-0.057983398,-0.001220703
0.1675,-0.076904297,-0.021057129
0.168,-0.093383789,-0.039367676
0.1685,-0.124816895,-0.061035156
0.169,-0.143127441,-0.079956055
0.1695,-0.125732422,-0.079040527
0.17,-0.118713379,-0.075378418
0.1705,-0.156860352,-0.102233887
0.171,-0.166320801,-0.123901367
0.1715,-0.147705078,-0.120544434
0.172,-0.146484375,-0.12512207
0.1725,-0.146179199,-0.133056641
0.173,-0.129394531,-0.129089355
0.1735,-0.117797852,-0.120849609
0.174,-0.101623535,-0.109863281
0.1745,-0.07232666,-0.085754395
0.175,-0.039672852,-0.054016113
0.1755,-0.019836426,-0.030822754
0.176,-0.006103516,-0.017700195
0.1765,0.006408691,-0.003356934
0.177,0.027770996,0.017089844
0.1775,0.049438477,0.033569336
0.178,0.066223145,0.051574707
0.1785,0.096130371,0.076904297
0.179,0.113525391,0.097961426
0.1795,0.097961426,0.094299316
0.18,0.089111328,0.085449219
0.1805,0.126953125,0.097045898
0.181,0.137939453,0.114440918
0.1815,0.11932373,0.104064941
0.182,0.116271973,0.104675293
0.1825,0.120544434,0.110778809
0.183,0.104370117,0.104370117
0.1835,0.091552734,0.093383789
0.184,0.074462891,0.079345703
0.1845,0.045471191,0.06072998
0.185,0.014343262,0.039367676
0.1855,-0.010375977,0.015869141
0.186,-0.016174316,0.005493164
0.1865,-0.029296875,-0.009460449
0.187,-0.052185059,-0.029907227
0.1875,-0.068054199,-0.048828125
0.188,-0.085144043,-0.062255859
0.1885,-0.116882324,-0.084228516
0.189,-0.131530762,-0.103149414
0.1895,-0.115356445,-0.09979248
0.19,-0.104980469,-0.090637207
0.1905,-0.142211914,-0.11138916
0.191,-0.159301758,-0.133666992
0.1915,-0.142822266,-0.127563477
0.192,-0.139465332,-0.123901367
0.1925,-0.140075684,-0.123596191
0.193,-0.121459961,-0.1171875
0.1935,-0.109558105,-0.108642578
0.194,-0.093688965,-0.097351074
0.1945,-0.065002441,-0.079345703
0.195,-0.030517578,-0.051879883
0.1955,-0.01159668,-0.030517578
0.196,-0.001220703,-0.020751953
0.1965,0.005187988,-0.010986328
0.197,0.026855469,0.006408691
0.1975,0.049133301,0.024719238
0.198,0.067138672,0.040893555
0.1985,0.09765625,0.064086914
0.199,0.114440918,0.084228516
0.1995,0.098266602,0.079956055
0.2,0.089416504,0.071105957
0.2005,0.128479004,0.093994141
0.201,0.143127441,0.115356445
0.2015,0.121459961,0.111083984
0.202,0.116882324,0.112915039
0.2025,0.116271973,0.115966797
0.203,0.102233887,0.10925293
0.2035,0.090026855,0.093994141
0.204,0.071105957,0.081481934
0.2045,0.042114258,0.061950684
0.205,0.009460449,0.041503906
0.2055,-0.014038086,0.025634766
0.206,-0.023803711,0.016784668
0.2065,-0.036315918,0.002746582
0.207,-0.062561035,-0.019226074
0.2075,-0.077209473,-0.036315918
0.208,-0.093383789,-0.051574707
0.2085,-0.129699707,-0.077514648
0.209,-0.146179199,-0.096435547
0.2095,-0.129394531,-0.091247559
0.21,-0.119628906,-0.08392334
0.2105,-0.155639648,-0.106811523
0.211,-0.169372559,-0.126342773
0.2115,-0.149536133,-0.120544434
0.212,-0.145568848,-0.118408203
0.2125,-0.145263672,-0.120239258
0.213,-0.130004883,-0.113525391
0.2135,-0.116577148,-0.102539063
0.214,-0.102233887,-0.090026855
0.2145,-0.073547363,-0.069580078
0.215,-0.039672852,-0.047302246
0.2155,-0.014648438,-0.026855469
0.216,-0.007324219,-0.018005371
0.2165,0.00213623,-0.007324219
0.217,0.022583008,0.010375977
0.2175,0.040893555,0.028686523
0.218,0.061340332,0.041809082
0.2185,0.090026855,0.062255859
0.219,0.108032227,0.082702637
0.2195,0.094604492,0.08026123
0.22,0.086975098,0.074157715
0.2205,0.121765137,0.096740723
0.221,0.139770508,0.120544434
0.2215,0.1171875,0.116577148
0.222,0.115661621,0.116577148
0.2225,0.117492676,0.12298584
0.223,0.101623535,0.118103027
0.2235,0.08972168,0.112609863
0.224,0.071411133,0.111083984
0.2245,0.043334961,0.097961426
0.225,0.013427734,0.072937012
0.2255,-0.006408691,0.048217773
0.226,-0.016479492,0.032348633
0.2265,-0.026550293,0.011291504
0.227,-0.05065918,-0.01373291
0.2275,-0.067138672,-0.03326416
0.228,-0.085144043,-0.055541992
0.2285,-0.116882324,-0.086975098
0.229,-0.136108398,-0.113525391
0.2295,-0.119934082,-0.114135742
0.23,-0.110168457,-0.107727051
0.2305,-0.14465332,-0.12298584
0.231,-0.159301758,-0.140686035
0.2315,-0.138244629,-0.129089355
0.232,-0.137023926,-0.123291016
0.2325,-0.135803223,-0.124206543
0.233,-0.119934082,-0.115966797
0.2335,-0.110473633,-0.108947754
0.234,-0.094604492,-0.096435547
0.2345,-0.063781738,-0.078430176
0.235,-0.030822754,-0.053100586
0.2355,-0.006103516,-0.026245117
0.236,0.003967285,-0.014038086
0.2365,0.009460449,-0.002746582
0.237,0.03326416,0.015258789
0.2375,0.053100586,0.038757324
0.238,0.07019043,0.055541992
0.2385,0.09765625,0.076293945
0.239,0.116271973,0.09552002
0.2395,0.099182129,0.094299316
0.24,0.090026855,0.089416504
0.2405,0.124511719,0.115661621
0.241,0.144348145,0.143127441
0.2415,0.12512207,0.139465332
0.242,0.122070313,0.144348145
0.2425,0.124206543,0.152893066
0.243,0.108032227,0.14465332
0.2435,0.093383789,0.129699707
0.244,0.076293945,0.111999512
0.2445,0.049133301,0.088195801
0.245,0.018005371,0.063781738
0.2455,-0.003967285,0.037841797
0.246,-0.012512207,0.02532959
0.2465,-0.025634766,0.00213623
0.247,-0.049743652,-0.026550293
0.2475,-0.067443848,-0.044555664
0.248,-0.083618164,-0.065612793
0.2485,-0.113525391,-0.093688965
0.249,-0.134277344,-0.116577148
0.2495,-0.119628906,-0.110168457
0.25,-0.108642578,-0.101318359
0.2505,-0.140686035,-0.115966797
0.251,-0.156860352,-0.137634277
0.2515,-0.139160156,-0.129394531
0.252,-0.134277344,-0.12512207
0.2525,-0.137329102,-0.127258301
0.253,-0.119934082,-0.122680664
0.2535,-0.107421875,-0.112609863
0.254,-0.090942383,-0.104370117
0.2545,-0.059509277,-0.082702637
0.255,-0.029602051,-0.055847168
0.2555,-0.006713867,-0.035400391
0.256,0.00213623,-0.025634766
0.2565,0.010070801,-0.01373291
0.257,0.032348633,-0.000915527
0.2575,0.054016113,0.015563965
0.258,0.072631836,0.032348633
0.2585,0.101928711,0.055847168
0.259,0.121459961,0.079040527
0.2595,0.108947754,0.079650879
0.26,0.098266602,0.072021484
0.2605,0.134277344,0.090942383
0.261,0.151367188,0.111999512
0.2615,0.131225586,0.10925293
0.262,0.126953125,0.108947754
0.2625,0.130310059,0.113830566
0.263,0.117797852,0.106201172
0.2635,0.10345459,0.096435547
0.264,0.086669922,0.087585449
0.2645,0.057983398,0.071105957
0.265,0.024414063,0.050048828
0.2655,0.003051758,0.028381348
0.266,-0.007629395,0.019836426
0.2665,-0.019836426,0.006103516
0.267,-0.043640137,-0.014343262
0.2675,-0.060119629,-0.03112793
0.268,-0.076293945,-0.046386719
0.2685,-0.106201172,-0.067749023
0.269,-0.129089355,-0.092468262
0.2695,-0.114440918,-0.087890625
0.27,-0.102844238,-0.078125
0.2705,-0.134887695,-0.094299316
0.271,-0.153198242,-0.116882324
0.2715,-0.137634277,-0.111999512
0.272,-0.135803223,-0.108947754
0.2725,-0.135803223,-0.105285645
0.273,-0.122680664,-0.099182129
0.2735,-0.107421875,-0.090332031
0.274,-0.089111328,-0.086364746
0.2745,-0.060119629,-0.068664551
0.275,-0.02746582,-0.046691895
0.2755,-0.005493164,-0.024414063
0.276,0.00213623,-0.009765625
0.2765,0.010986328,0.001525879
0.277,0.036010742,0.014343262
0.2775,0.054626465,0.024414063
0.278,0.073547363,0.039367676
0.2785,0.102539063,0.061645508
0.279,0.122680664,0.084838867
0.2795,0.108032227,0.083618164
0.28,0.098571777,0.083618164
0.2805,0.130615234,0.104370117
0.281,0.151977539,0.129394531
0.2815,0.132141113,0.128479004
0.282,0.127258301,0.126647949
0.2825,0.127258301,0.129394531
0.283,0.113525391,0.122375488
0.2835,0.09979248,0.110778809
0.284,0.081787109,0.094604492
0.2845,0.055847168,0.072937012
0.285,0.023803711,0.04486084
0.2855,-0.000610352,0.01953125
0.286,-0.007019043,0.013427734
0.2865,-0.020141602,0.004882813
0.287,-0.044555664,-0.00793457
0.2875,-0.062866211,-0.022888184
0.288,-0.080566406,-0.0390625
0.2885,-0.112609863,-0.064086914
0.289,-0.132751465,-0.088500977
0.2895,-0.117492676,-0.087585449
0.29,-0.105895996,-0.082702637
0.2905,-0.13671875,-0.099182129
0.291,-0.155639648,-0.124511719
0.2915,-0.134887695,-0.122070313
0.292,-0.134887695,-0.122375488
0.2925,-0.137634277,-0.129394531
0.293,-0.121154785,-0.118408203
0.2935,-0.110473633,-0.100097656
0.294,-0.096130371,-0.086669922
0.2945,-0.066833496,-0.062866211
0.295,-0.032958984,-0.034484863
0.2955,-0.009765625,-0.010375977
0.296,0.003967285,0.001220703
0.2965,0.012512207,0.006103516
0.297,0.035400391,0.007324219
0.2975,0.054321289,0.020141602
0.298,0.072021484,0.036315918
0.2985,0.101623535,0.056762695
0.299,0.120849609,0.074462891
0.2995,0.105895996,0.066223145
0.3,0.09552002,0.05645752
0.3005,0.127563477,0.077819824
0.301,0.146484375,0.105895996
0.3015,0.126953125,0.103149414
0.302,0.123901367,0.103149414
0.3025,0.126342773,0.109558105
0.303,0.113830566,0.108032227
0.3035,0.100708008,0.101318359
0.304,0.083312988,0.088806152
0.3045,0.058898926,0.068664551
0.305,0.02532959,0.045166016
0.3055,-0.001220703,0.022277832
0.306,-0.00579834,0.014343262
0.3065,-0.01953125,0.001525879
0.307,-0.042724609,-0.018920898
0.3075,-0.059509277,-0.03692627
0.308,-0.074462891,-0.049743652
0.3085,-0.106201172,-0.072021484
0.309,-0.126647949,-0.092773438
0.3095,-0.112915039,-0.09185791
0.31,-0.103759766,-0.08605957
0.3105,-0.140380859,-0.103759766
0.311,-0.161132813,-0.126342773
0.3115,-0.141601563,-0.1171875
0.312,-0.140075684,-0.112915039
0.3125,-0.139770508,-0.11932373
0.313,-0.125427246,-0.111694336
0.3135,-0.111694336,-0.102539063
0.314,-0.095214844,-0.093078613
0.3145,-0.065002441,-0.072937012
0.315,-0.033874512,-0.049133301
0.3155,-0.012207031,-0.024719238
0.316,-0.005493164,-0.012512207
0.3165,0.005493164,0.000915527
0.317,0.027160645,0.014648438
0.3175,0.048828125,0.031433105
0.318,0.066223145,0.045471191
0.3185,0.093078613,0.067443848
0.319,0.114135742,0.092163086
0.3195,0.100708008,0.093078613
0.32,0.088500977,0.087890625
0.3205,0.123596191,0.104064941
0.321,0.144958496,0.127258301
0.3215,0.125732422,0.123596191
0.322,0.124206543,0.118408203
0.3225,0.126037598,0.120544434
0.323,0.113525391,0.117492676
0.3235,0.098571777,0.105895996
0.324,0.082397461,0.094909668
0.3245,0.057983398,0.074462891
0.325,0.027770996,0.049743652
0.3255,0.002441406,0.024108887
0.326,-0.009460449,0.014953613
0.3265,-0.020446777,0.003662109
0.327,-0.046081543,-0.009765625
0.3275,-0.061340332,-0.023193359
0.328,-0.079040527,-0.036010742
0.3285,-0.109558105,-0.059814453
0.329,-0.130310059,-0.079650879
0.3295,-0.116882324,-0.081176758
0.33,-0.106201172,-0.074768066
0.3305,-0.137329102,-0.087280273
0.331,-0.158691406,-0.108032227
0.3315,-0.13885498,-0.101318359
0.332,-0.13458252,-0.100708008
0.3325,-0.137023926,-0.108947754
0.333,-0.123596191,-0.108642578
0.3335,-0.107727051,-0.101623535
0.334,-0.094604492,-0.094299316
0.3345,-0.06652832,-0.074768066
0.335,-0.036010742,-0.048828125
0.3355,-0.007019043,-0.025939941
0.336,0.001220703,-0.01953125
0.3365,0.009460449,-0.015869141
0.337,0.03112793,-0.006713867
0.3375,0.055236816,0.013122559
0.338,0.071716309,0.032653809
0.3385,0.097961426,0.058898926
0.339,0.121459961,0.086975098
0.3395,0.107421875,0.089111328
0.34,0.09765625,0.083007813
0.3405,0.129089355,0.101623535
0.341,0.151672363,0.12878418
0.3415,0.131835938,0.122680664
0.342,0.127258301,0.117797852
0.3425,0.129394531,0.1171875
0.343,0.116882324,0.110778809
0.3435,0.099182129,0.097961426
0.344,0.083007813,0.079956055
0.3445,0.058898926,0.06072998
0.345,0.02746582,0.03692627
0.3455,-0.000915527,0.013122559
0.346,-0.007629395,0.006713867
0.3465,-0.020141602,-0.005493164
0.347,-0.042419434,-0.02166748
0.3475,-0.06072998,-0.037536621
0.348,-0.076904297,-0.054931641
0.3485,-0.107421875,-0.078735352
0.349,-0.130004883,-0.104675293
0.3495,-0.11505127,-0.107727051
0.35,-0.102539063,-0.102233887
0.3505,-0.12878418,-0.1171875
0.351,-0.15045166,-0.13885498
0.3515,-0.133361816,-0.130004883
0.352,-0.130310059,-0.125732422
0.3525,-0.13092041,-0.127258301
0.353,-0.116882324,-0.118713379
0.3535,-0.10345459,-0.103149414
0.354,-0.091247559,-0.086975098
0.3545,-0.064086914,-0.065307617
0.355,-0.03326416,-0.037536621
0.3555,-0.004577637,-0.014648438
0.356,0.002746582,-0.003662109
0.3565,0.012512207,0.009460449
0.357,0.032348633,0.02532959
0.3575,0.053405762,0.047302246
0.358,0.070495605,0.068359375
0.3585,0.097961426,0.091247559
0.359,0.122070313,0.113830566
0.3595,0.108642578,0.108642578
0.36,0.096130371,0.097961426
0.3605,0.127868652,0.106201172
0.361,0.150146484,0.126342773
0.3615,0.129089355,0.114440918
0.362,0.125732422,0.110168457
0.3625,0.127258301,0.108642578
0.363,0.114440918,0.102233887
0.3635,0.09979248,0.093078613
0.364,0.079040527,0.084838867
0.3645,0.053710938,0.068664551
0.365,0.023498535,0.04699707
0.3655,-0.00213623,0.024719238
0.366,-0.00793457,0.017700195
0.3665,-0.022888184,0.00579834
0.367,-0.043640137,-0.009460449
0.3675,-0.060119629,-0.026550293
0.368,-0.077819824,-0.043029785
0.3685,-0.107421875,-0.05859375
0.369,-0.132141113,-0.079956055
0.3695,-0.120239258,-0.081176758
0.37,-0.107421875,-0.079040527
0.3705,-0.136108398,-0.100708008
0.371,-0.161437988,-0.133666992
0.3715,-0.144348145,-0.135192871
0.372,-0.138549805,-0.13671875
0.3725,-0.13885498,-0.140075684
0.373,-0.125732422,-0.132751465
0.3735,-0.10925293,-0.119628906
0.374,-0.09552002,-0.107421875
0.3745,-0.066833496,-0.086364746
0.375,-0.035095215,-0.055236816
0.3755,-0.006103516,-0.027770996
0.376,-0.000305176,-0.018310547
0.3765,0.00793457,-0.006103516
0.377,0.028991699,0.008239746
0.3775,0.052490234,0.025634766
0.378,0.072021484,0.043945313
0.3785,0.096740723,0.063781738
0.379,0.12298584,0.087280273
0.3795,0.110473633,0.087585449
0.38,0.097351074,0.081787109
0.3805,0.124816895,0.098876953
0.381,0.149230957,0.125732422
0.3815,0.13092041,0.120849609
0.382,0.127563477,0.11932373
0.3825,0.129699707,0.125732422
0.383,0.113830566,0.123291016
0.3835,0.098571777,0.113525391
0.384,0.084228516,0.10345459
0.3845,0.062255859,0.085144043
0.385,0.032043457,0.05859375
0.3855,0.003051758,0.028686523
0.386,-0.003967285,0.011901855
0.3865,-0.018310547,-0.002441406
0.387,-0.043640137,-0.017089844
0.3875,-0.059204102,-0.029907227
0.388,-0.076293945,-0.047912598
0.3885,-0.106201172,-0.073852539
0.389,-0.128479004,-0.098571777
0.3895,-0.115966797,-0.101318359
0.39,-0.105285645,-0.097045898
0.3905,-0.132751465,-0.112915039
0.391,-0.158081055,-0.139465332
0.3915,-0.139160156,-0.134277344
0.392,-0.133666992,-0.126647949
0.3925,-0.132141113,-0.124206543
0.393,-0.118408203,-0.116271973
0.3935,-0.104064941,-0.106201172
0.394,-0.091552734,-0.09552002
0.3945,-0.064697266,-0.077209473
0.395,-0.032348633,-0.052185059
0.3955,-0.004272461,-0.026550293
0.396,0.001831055,-0.015258789
0.3965,0.013122559,-0.00213623
0.397,0.031433105,0.01159668
0.3975,0.051269531,0.029296875
0.398,0.071105957,0.04699707
0.3985,0.099487305,0.069580078
0.399,0.122680664,0.093994141
0.3995,0.110778809,0.094299316
0.4,0.097961426,0.090026855
0.4005,0.125732422,0.106506348
0.401,0.152282715,0.135498047
0.4015,0.133972168,0.132751465
0.402,0.126342773,0.128479004
0.4025,0.128173828,0.131530762
0.403,0.113830566,0.127563477
0.4035,0.100097656,0.112915039
0.404,0.085449219,0.098266602
0.4045,0.057067871,0.076293945
0.405,0.02532959,0.043640137
0.4055,-0.007019043,0.014648438
0.406,-0.01159668,0.002746582
0.4065,-0.026855469,-0.011901855
0.407,-0.048217773,-0.027160645
0.4075,-0.063781738,-0.04119873
0.408,-0.081176758,-0.054016113
0.4085,-0.110168457,-0.078735352
0.409,-0.133056641,-0.102233887
0.4095,-0.119934082,-0.098876953
0.41,-0.104675293,-0.087585449
0.4105,-0.131530762,-0.095825195
0.411,-0.155639648,-0.1171875
0.4115,-0.136413574,-0.110168457
0.412,-0.131530762,-0.107116699
0.4125,-0.133361816,-0.106201172
0.413,-0.121459961,-0.101013184
0.4135,-0.107421875,-0.093994141
0.414,-0.09185791,-0.086975098
0.4145,-0.06652832,-0.071411133
0.415,-0.032043457,-0.043029785
0.4155,-0.005493164,-0.019226074
0.416,0.002441406,-0.008239746
0.4165,0.013427734,0.010986328
0.417,0.03112793,0.029296875
0.4175,0.051879883,0.050964355
0.418,0.071411133,0.072021484
0.4185,0.09765625,0.099487305
0.419,0.121459961,0.128173828
0.4195,0.111083984,0.131225586
0.42,0.09765625,0.126647949
0.4205,0.126953125,0.137023926
0.421,0.15411377,0.163269043
0.4215,0.134277344,0.153198242
0.422,0.127258301,0.14251709
0.4225,0.129699707,0.138244629
0.423,0.116882324,0.129394531
0.4235,0.100097656,0.115356445
0.424,0.083618164,0.098876953
0.4245,0.057983398,0.074462891
0.425,0.028686523,0.046081543
0.4255,0.000610352,0.018920898
0.426,-0.007324219,0.012817383
0.4265,-0.021972656,-0.006103516
0.427,-0.045776367,-0.024719238
0.4275,-0.062561035,-0.043029785
0.428,-0.075378418,-0.059204102
0.4285,-0.105285645,-0.085144043
0.429,-0.132141113,-0.108642578
0.4295,-0.120544434,-0.106811523
0.43,-0.108947754,-0.100097656
0.4305,-0.134887695,-0.117797852
0.431,-0.161743164,-0.148620605
0.4315,-0.143127441,-0.150756836
0.432,-0.137939453,-0.147094727
0.4325,-0.137329102,-0.144348145
0.433,-0.124206543,-0.130004883
0.4335,-0.108337402,-0.109863281
0.434,-0.094604492,-0.096435547
0.4345,-0.068359375,-0.078735352
0.435,-0.037536621,-0.053100586
0.4355,-0.007019043,-0.029296875
0.436,0.001525879,-0.018310547
0.4365,0.013122559,-0.007324219
0.437,0.032348633,0.006408691
0.4375,0.05065918,0.025024414
0.438,0.068359375,0.043334961
0.4385,0.096435547,0.065002441
0.439,0.121459961,0.089111328
0.4395,0.108032227,0.092773438
0.44,0.09552002,0.08392334
0.4405,0.121154785,0.093994141
0.441,0.148010254,0.120849609
0.4415,0.128479004,0.118103027
0.442,0.120849609,0.115356445
0.4425,0.124511719,0.118103027
0.443,0.113830566,0.111999512
0.4435,0.099487305,0.100097656
0.444,0.086975098,0.08972168
0.4445,0.062866211,0.074157715
0.445,0.034484863,0.051574707
0.4455,0.007019043,0.027160645
0.446,0.000915527,0.020446777
0.4465,-0.01373291,0.009765625
0.447,-0.035095215,-0.007629395
0.4475,-0.050048828,-0.023193359
0.448,-0.067138672,-0.037536621
0.4485,-0.098571777,-0.059509277
0.449,-0.122375488,-0.087280273
0.4495,-0.11138916,-0.092468262
0.45,-0.098266602,-0.086364746
0.4505,-0.122070313,-0.100708008
0.451,-0.14831543,-0.13092041
0.4515,-0.133056641,-0.126342773
0.452,-0.124206543,-0.121765137
0.4525,-0.127258301,-0.124511719
0.453,-0.113830566,-0.123596191
0.4535,-0.099182129,-0.112915039
0.454,-0.090332031,-0.106201172
0.4545,-0.063476563,-0.087890625
0.455,-0.03326416,-0.06072998
0.4555,-0.001831055,-0.037841797
0.456,0.004882813,-0.028076172
0.4565,0.016479492,-0.012207031
0.457,0.037841797,0.002746582
0.4575,0.060119629,0.023498535
0.458,0.077514648,0.042114258
0.4585,0.106811523,0.068664551
0.459,0.130004883,0.099487305
0.4595,0.118103027,0.10345459
0.46,0.104675293,0.100097656
0.4605,0.130615234,0.118103027
0.461,0.15838623,0.149536133
0.4615,0.140991211,0.151977539
0.462,0.13458252,0.149841309
0.4625,0.137023926,0.14831543
0.463,0.124511719,0.141296387
0.4635,0.108947754,0.12878418
0.464,0.094604492,0.119018555
0.4645,0.071105957,0.098876953
0.465,0.037841797,0.071411133
0.4655,0.008544922,0.043334961
0.466,0.003967285,0.033569336
0.4665,-0.011291504,0.018615723
0.467,-0.034179688,-0.000915527
0.4675,-0.050964355,-0.020141602
0.468,-0.067138672,-0.0390625
0.4685,-0.093688965,-0.071411133
0.469,-0.118713379,-0.098571777
0.4695,-0.110168457,-0.102844238
0.47,-0.095825195,-0.094299316
0.4705,-0.119934082,-0.100097656
0.471,-0.148925781,-0.121765137
0.4715,-0.130004883,-0.116577148
0.472,-0.123901367,-0.109863281
0.4725,-0.128479004,-0.108032227
0.473,-0.116271973,-0.100097656
0.4735,-0.099182129,-0.084533691
0.474,-0.086975098,-0.076293945
0.4745,-0.059509277,-0.062255859
0.475,-0.026855469,-0.036010742
0.4755,0.00579834,-0.012512207
0.476,0.010986328,0.000610352
0.4765,0.021972656,0.012512207
0.477,0.041809082,0.023803711
0.4775,0.061035156,0.041503906
0.478,0.078125,0.05279541
0.4785,0.10559082,0.074768066
0.479,0.131530762,0.102539063
0.4795,0.122070313,0.109863281
0.48,0.108337402,0.106811523
0.4805,0.131835938,0.119628906
0.481,0.161743164,0.146789551
0.4815,0.143432617,0.143432617
0.482,0.137939453,0.137939453
0.4825,0.137023926,0.137634277
0.483,0.126647949,0.133666992
0.4835,0.110168457,0.122375488
0.484,0.093688965,0.108947754
0.4845,0.068359375,0.085754395
0.485,0.035705566,0.053100586
0.4855,0.005493164,0.022583008
0.486,0.002746582,0.013122559
0.4865,-0.012512207,-0.000305176
0.487,-0.035095215,-0.01739502
0.4875,-0.050048828,-0.032348633
0.488,-0.066833496,-0.043029785
0.4885,-0.09552002,-0.062255859
0.489,-0.121765137,-0.087585449
0.4895,-0.110473633,-0.087280273
0.49,-0.096435547,-0.076599121
0.4905,-0.118713379,-0.085144043
0.491,-0.149841309,-0.116271973
0.4915,-0.133972168,-0.113525391
0.492,-0.125732422,-0.110778809
0.4925,-0.129699707,-0.112609863
0.493,-0.115966797,-0.111083984
0.4935,-0.102539063,-0.101623535
0.494,-0.091552734,-0.093383789
0.4945,-0.065917969,-0.075683594
0.495,-0.030822754,-0.04699707
0.4955,-0.000610352,-0.019836426
0.496,0.004577637,-0.00793457
0.4965,0.015563965,0.00793457
0.497,0.032348633,0.022888184
0.4975,0.057067871,0.042419434
0.498,0.075073242,0.06072998
0.4985,0.09979248,0.085449219
0.499,0.126953125,0.113830566
0.4995,0.118408203,0.115966797
0.5,0.105285645,0.10559082
0.5005,0.126953125,0.112609863
0.501,0.159912109,0.137634277
0.5015,0.140075684,0.133361816
0.502,0.135192871,0.127563477
0.5025,0.135192871,0.127258301
0.503,0.126037598,0.120849609
0.5035,0.108337402,0.106506348
0.504,0.09185791,0.100402832
0.5045,0.067138672,0.080871582
0.505,0.034484863,0.052490234
0.5055,0.002441406,0.02746582
0.506,-0.001831055,0.018920898
0.5065,-0.018005371,0.003356934
0.507,-0.035705566,-0.015563965
0.5075,-0.05859375,-0.033569336
0.508,-0.074462891,-0.048522949
0.5085,-0.102844238,-0.067138672
0.509,-0.130310059,-0.09185791
0.5095,-0.119934082,-0.093994141
0.51,-0.104675293,-0.085449219
0.5105,-0.126953125,-0.090026855
0.511,-0.155944824,-0.115356445
0.5115,-0.140686035,-0.111999512
0.512,-0.132446289,-0.106201172
0.5125,-0.135498047,-0.10925293
0.513,-0.123596191,-0.106506348
0.5135,-0.108947754,-0.095825195
0.514,-0.09552002,-0.090332031
0.5145,-0.070800781,-0.074157715
0.515,-0.036621094,-0.046081543
0.5155,-0.006713867,-0.022583008
0.516,0.000610352,-0.014038086
0.5165,0.013122559,0.000610352
0.517,0.030822754,0.010986328
0.5175,0.052490234,0.027770996
0.518,0.071411133,0.050048828
0.5185,0.096435547,0.074768066
0.519,0.122070313,0.106811523
0.5195,0.112304688,0.110473633
0.52,0.097961426,0.101318359
0.5205,0.11932373,0.106201172
0.521,0.151062012,0.13458252
0.5215,0.133056641,0.133972168
0.522,0.126953125,0.127563477
0.5225,0.12878418,0.13092041
0.523,0.116577148,0.124816895
0.5235,0.101013184,0.110473633
0.524,0.08605957,0.101318359
0.5245,0.06072998,0.085754395
0.525,0.028381348,0.061035156
0.5255,-0.003356934,0.03692627
0.526,-0.008239746,0.02746582
0.5265,-0.023803711,0.012207031
0.527,-0.041809082,-0.004272461
0.5275,-0.059814453,-0.021972656
0.528,-0.074462891,-0.0390625
0.5285,-0.103149414,-0.06439209
0.529,-0.130615234,-0.092163086
0.5295,-0.122375488,-0.097351074
0.53,-0.107116699,-0.093688965
0.5305,-0.126647949,-0.103759766
0.531,-0.157775879,-0.128173828
0.5315,-0.143127441,-0.11932373
0.532,-0.139160156,-0.107116699
0.5325,-0.139160156,-0.107727051
0.533,-0.127868652,-0.104064941
0.5335,-0.114135742,-0.092773438
0.534,-0.100708008,-0.08026123
0.5345,-0.076904297,-0.064697266
0.535,-0.040588379,-0.04119873
0.5355,-0.010070801,-0.021362305
0.536,-0.000915527,-0.009155273
0.5365,0.010375977,0.007019043
0.537,0.027770996,0.019836426
0.5375,0.05279541,0.039978027
0.538,0.07019043,0.057067871
0.5385,0.09552002,0.076599121
0.539,0.122375488,0.097961426
0.5395,0.112915039,0.092773438
0.54,0.099182129,0.084533691
0.5405,0.123291016,0.094909668
0.541,0.155639648,0.123291016
0.5415,0.13885498,0.11932373
0.542,0.130004883,0.110168457
0.5425,0.132446289,0.104370117
0.543,0.122680664,0.097045898
0.5435,0.104370117,0.086364746
0.544,0.092163086,0.080871582
0.5445,0.065917969,0.065307617
0.545,0.033874512,0.041503906
0.5455,0.001525879,0.01373291
0.546,-0.002746582,0.004882813
0.5465,-0.018615723,-0.007629395
0.547,-0.039672852,-0.017089844
0.5475,-0.055541992,-0.027770996
0.548,-0.071411133,-0.035400391
0.5485,-0.100097656,-0.053405762
0.549,-0.126953125,-0.079956055
0.5495,-0.119934082,-0.087280273
0.55,-0.106201172,-0.079345703
0.5505,-0.126037598,-0.09185791
0.551,-0.160827637,-0.120849609
0.5515,-0.146484375,-0.11505127
0.552,-0.138244629,-0.106506348
0.5525,-0.138244629,-0.11138916
0.553,-0.12512207,-0.113525391
0.5535,-0.110168457,-0.104370117
0.554,-0.099487305,-0.098266602
0.5545,-0.074768066,-0.079345703
0.555,-0.041503906,-0.051269531
0.5555,-0.01159668,-0.024414063
0.556,-0.002441406,-0.009155273
0.5565,0.010986328,0.008239746
0.557,0.026550293,0.024414063
0.5575,0.048522949,0.045776367
0.558,0.06652832,0.064086914
0.5585,0.093078613,0.082092285
0.559,0.123291016,0.10345459
0.5595,0.114135742,0.102233887
0.56,0.102233887,0.090026855
0.5605,0.121459961,0.090332031
0.561,0.153198242,0.114440918
0.5615,0.136108398,0.1171875
0.562,0.126647949,0.113830566
0.5625,0.127868652,0.116577148
0.563,0.11932373,0.11505127
0.5635,0.101318359,0.102539063
0.564,0.089416504,0.091247559
0.5645,0.064697266,0.077514648
0.565,0.029907227,0.051269531
0.5655,-0.001831055,0.023193359
0.566,-0.003051758,0.010681152
0.5665,-0.018615723,-0.012207031
0.567,-0.03692627,-0.030517578
0.5675,-0.053710938,-0.047607422
0.568,-0.069885254,-0.063171387
0.5685,-0.097351074,-0.081176758
0.569,-0.126037598,-0.107116699
0.5695,-0.1171875,-0.110473633
0.57,-0.104980469,-0.106201172
0.5705,-0.122375488,-0.116577148
0.571,-0.156860352,-0.144958496
0.5715,-0.138549805,-0.140380859
0.572,-0.129699707,-0.131225586
0.5725,-0.134887695,-0.137634277
0.573,-0.12512207,-0.133056641
0.5735,-0.10925293,-0.120544434
0.574,-0.097351074,-0.112304688
0.5745,-0.074462891,-0.093078613
0.575,-0.036621094,-0.061950684
0.5755,-0.005493164,-0.037536621
0.576,0.001525879,-0.024108887
0.5765,0.014953613,-0.007019043
0.577,0.029296875,0.004272461
0.5775,0.049743652,0.01953125
0.578,0.07019043,0.034484863
0.5785,0.094299316,0.055847168
0.579,0.121765137,0.086975098
0.5795,0.115356445,0.091552734
0.58,0.101928711,0.088500977
0.5805,0.119018555,0.097351074
0.581,0.152587891,0.128173828
0.5815,0.136108398,0.126647949
0.582,0.127868652,0.116577148
0.5825,0.13092041,0.118713379
0.583,0.120239258,0.119628906
0.5835,0.101928711,0.114440918
0.584,0.089416504,0.110168457
0.5845,0.06652832,0.095214844
0.585,0.032958984,0.068054199
0.5855,0.004882813,0.035095215
0.586,-0.000915527,0.019226074
0.5865,-0.018615723,-0.008850098
0.587,-0.037536621,-0.029907227
0.5875,-0.054321289,-0.046081543
0.588,-0.071716309,-0.061950684
0.5885,-0.097961426,-0.080871582
0.589,-0.12512207,-0.102233887
0.5895,-0.119934082,-0.109558105
0.59,-0.105895996,-0.103149414
0.5905,-0.122680664,-0.109863281
0.591,-0.157470703,-0.139465332
0.5915,-0.141601563,-0.136413574
0.592,-0.134887695,-0.128173828
0.5925,-0.136413574,-0.127258301
0.593,-0.126953125,-0.124206543
0.5935,-0.106506348,-0.11138916
0.594,-0.094299316,-0.102844238
0.5945,-0.071716309,-0.082397461
0.595,-0.036621094,-0.049133301
0.5955,-0.00579834,-0.021057129
0.596,0.000915527,-0.010681152
0.5965,0.014038086,0.000915527
0.597,0.029602051,0.013122559
0.5975,0.048217773,0.030212402
0.598,0.065612793,0.046691895
0.5985,0.091552734,0.064086914
0.599,0.120849609,0.088195801
0.5995,0.112915039,0.090026855
0.6,0.100097656,0.082092285
0.6005,0.118713379,0.089416504
0.601,0.152282715,0.118408203
0.6015,0.137329102,0.116577148
0.602,0.127563477,0.112304688
0.6025,0.131225586,0.117492676
0.603,0.12298584,0.118408203
0.6035,0.102539063,0.108337402
0.604,0.093383789,0.099487305
0.6045,0.070800781,0.08026123
0.605,0.037536621,0.054016113
0.6055,0.004577637,0.030517578
0.606,0.004272461,0.023498535
0.6065,-0.014648438,0.009765625
0.607,-0.033569336,-0.004882813
0.6075,-0.05065918,-0.022583008
0.608,-0.066833496,-0.038452148
0.6085,-0.094909668,-0.063171387
0.609,-0.122070313,-0.091247559
0.6095,-0.112609863,-0.094604492
0.61,-0.097351074,-0.086975098
0.6105,-0.116577148,-0.098876953
0.611,-0.153808594,-0.12878418
0.6115,-0.13885498,-0.130310059
0.612,-0.129699707,-0.127868652
0.6125,-0.133361816,-0.130310059
0.613,-0.120544434,-0.125427246
0.6135,-0.104064941,-0.114440918
0.614,-0.092468262,-0.109558105
0.6145,-0.071105957,-0.093078613
0.615,-0.036010742,-0.063476563
0.6155,-0.004577637,-0.035400391
0.616,0.000305176,-0.022888184
0.6165,0.013122559,-0.00793457
0.617,0.030212402,0.004577637
0.6175,0.051269531,0.023193359
0.618,0.072021484,0.038452148
0.6185,0.097045898,0.057067871
0.619,0.12298584,0.082397461
0.6195,0.119018555,0.08392334
0.62,0.10559082,0.079956055
0.6205,0.120239258,0.089111328
0.621,0.155334473,0.123901367
0.6215,0.139465332,0.126647949
0.622,0.127563477,0.124511719
0.6225,0.12878418,0.124816895
0.623,0.120544434,0.12298584
0.6235,0.106506348,0.11138916
0.624,0.090942383,0.102844238
0.6245,0.069580078,0.084533691
0.625,0.038146973,0.060424805
0.6255,0.002746582,0.032348633
0.626,0.001525879,0.022277832
0.6265,-0.01373291,0.00793457
0.627,-0.034790039,-0.012207031
0.6275,-0.050964355,-0.027770996
0.628,-0.069885254,-0.04119873
0.6285,-0.093078613,-0.06439209
0.629,-0.12298584,-0.091247559
0.6295,-0.118103027,-0.094299316
0.63,-0.104370117,-0.08026123
0.6305,-0.120239258,-0.081481934
0.631,-0.157470703,-0.106811523
0.6315,-0.143127441,-0.108947754
0.632,-0.133972168,-0.101623535
0.6325,-0.134277344,-0.102233887
0.633,-0.127563477,-0.097045898
0.6335,-0.110473633,-0.086669922
0.634,-0.099182129,-0.085754395
0.6345,-0.073852539,-0.076293945
0.635,-0.038757324,-0.053710938
0.6355,-0.008239746,-0.029296875
0.636,-0.001831055,-0.018615723
0.6365,0.014343262,-0.007324219
0.637,0.028686523,0.000610352
0.6375,0.049438477,0.01159668
0.638,0.068359375,0.025634766
0.6385,0.092468262,0.044555664
0.639,0.123291016,0.067749023
0.6395,0.11505127,0.068969727
0.64,0.102844238,0.063781738
0.6405,0.119018555,0.070800781
0.641,0.155944824,0.105285645
0.6415,0.137939453,0.10925293
0.642,0.128479004,0.107116699
0.6425,0.133056641,0.110168457
0.643,0.12298584,0.110168457
0.6435,0.104370117,0.093688965
0.644,0.092468262,0.081787109
0.6445,0.069580078,0.065307617
0.645,0.034179688,0.040588379
0.6455,0.003356934,0.015563965
0.646,-0.00213623,0.006713867
0.6465,-0.017089844,-0.005187988
0.647,-0.032653809,-0.015563965
0.6475,-0.051574707,-0.030517578
0.648,-0.068664551,-0.043640137
0.6485,-0.093078613,-0.062561035
0.649,-0.126342773,-0.089111328
0.6495,-0.12298584,-0.095214844
0.65,-0.106506348,-0.087890625
0.6505,-0.121154785,-0.093383789
0.651,-0.158081055,-0.124511719
0.6515,-0.144348145,-0.127258301
0.652,-0.134887695,-0.124206543
0.6525,-0.137634277,-0.121459961
0.653,-0.128479004,-0.112304688
0.6535,-0.109863281,-0.093383789
0.654,-0.100097656,-0.085449219
0.6545,-0.076904297,-0.067443848
0.655,-0.040588379,-0.042724609
0.6555,-0.012207031,-0.022277832
0.656,-0.004882813,-0.01373291
0.6565,0.010375977,-0.00213623
0.657,0.023498535,0.00793457
0.6575,0.04486084,0.020141602
0.658,0.065917969,0.034484863
0.6585,0.089416504,0.05645752
0.659,0.118713379,0.082702637
0.6595,0.113525391,0.088806152
0.66,0.101318359,0.085144043
0.6605,0.117492676,0.093078613
0.661,0.153808594,0.123596191
0.6615,0.140686035,0.128173828
0.662,0.129699707,0.123291016
0.6625,0.13092041,0.123901367
0.663,0.124206543,0.122375488
0.6635,0.103759766,0.109863281
0.664,0.093688965,0.100402832
0.6645,0.072631836,0.08392334
0.665,0.0390625,0.055847168
0.6655,0.006408691,0.027160645
0.666,0.001525879,0.012817383
0.6665,-0.017089844,-0.005493164
0.667,-0.03692627,-0.023193359
0.6675,-0.05279541,-0.0390625
0.668,-0.068359375,-0.051574707
0.6685,-0.093383789,-0.070495605
0.669,-0.123901367,-0.095825195
0.6695,-0.11932373,-0.099487305
0.67,-0.103759766,-0.091247559
0.6705,-0.116577148,-0.096130371
0.671,-0.152893066,-0.124816895
0.6715,-0.139770508,-0.123291016
0.672,-0.131225586,-0.116577148
0.6725,-0.13458252,-0.119018555
0.673,-0.126342773,-0.113525391
0.6735,-0.10559082,-0.099182129
0.674,-0.097045898,-0.090942383
0.6745,-0.072631836,-0.073852539
0.675,-0.03692627,-0.04699707
0.6755,-0.006713867,-0.018615723
0.676,0.000305176,-0.005187988
0.6765,0.015258789,0.008239746
0.677,0.029602051,0.017089844
0.6775,0.052185059,0.034790039
0.678,0.07019043,0.051574707
0.6785,0.092468262,0.067138672
0.679,0.123291016,0.090942383
0.6795,0.117492676,0.093383789
0.68,0.102844238,0.081787109
0.6805,0.1171875,0.083007813
0.681,0.155639648,0.114440918
0.6815,0.141601563,0.118103027
0.682,0.130004883,0.116271973
0.6825,0.133666992,0.119018555
0.683,0.125427246,0.118713379
0.6835,0.107421875,0.108642578
0.684,0.093994141,0.098571777
0.6845,0.07598877,0.084228516
0.685,0.042114258,0.057373047
0.6855,0.009155273,0.029602051
0.686,0.004272461,0.014648438
0.6865,-0.012207031,-0.000610352
0.687,-0.029602051,-0.023193359
0.6875,-0.051574707,-0.047912598
0.688,-0.068054199,-0.062561035
0.6885,-0.090637207,-0.078125
0.689,-0.122375488,-0.103759766
0.6895,-0.117797852,-0.10559082
0.69,-0.103149414,-0.094909668
0.6905,-0.115356445,-0.097961426
0.691,-0.153808594,-0.126953125
0.6915,-0.141906738,-0.129699707
0.692,-0.131225586,-0.12298584
0.6925,-0.133361816,-0.126953125
0.693,-0.122680664,-0.125732422
0.6935,-0.104064941,-0.114135742
0.694,-0.095825195,-0.108337402
0.6945,-0.073852539,-0.092468262
0.695,-0.034790039,-0.061035156
0.6955,-0.005187988,-0.035095215
0.696,-0.000305176,-0.018615723
0.6965,0.01373291,-0.004882813
0.697,0.027770996,0.007324219
0.6975,0.049438477,0.021972656
0.698,0.071105957,0.039978027
0.6985,0.091552734,0.057983398
0.699,0.12298584,0.085754395
0.6995,0.117492676,0.094604492
0.7,0.101623535,0.086669922
0.7005,0.114440918,0.091247559
0.701,0.152893066,0.121459961
0.7015,0.13885498,0.127563477
0.702,0.127563477,0.120849609
0.7025,0.132751465,0.123901367
0.703,0.12512207,0.120239258
0.7035,0.107727051,0.107727051
0.704,0.094299316,0.09979248
0.7045,0.072021484,0.082702637
0.705,0.0390625,0.055847168
0.7055,0.00793457,0.029602051
0.706,0.006103516,0.01159668
0.7065,-0.012207031,-0.007019043
0.707,-0.03112793,-0.022888184
0.7075,-0.050354004,-0.042114258
0.708,-0.067749023,-0.051574707
0.7085,-0.092773438,-0.069885254
0.709,-0.122680664,-0.094604492
0.7095,-0.116577148,-0.101013184
0.71,-0.104675293,-0.090332031
0.7105,-0.116882324,-0.090026855
0.711,-0.153198242,-0.121154785
0.7115,-0.14251709,-0.120849609
0.712,-0.130310059,-0.115966797
0.7125,-0.131225586,-0.120239258
0.713,-0.123596191,-0.115966797
0.7135,-0.105285645,-0.101928711
0.714,-0.096130371,-0.093688965
0.7145,-0.074768066,-0.077514648
0.715,-0.038146973,-0.049438477
0.7155,-0.007324219,-0.021972656
0.716,0.000610352,-0.009460449
0.7165,0.016174316,0.002746582
0.717,0.028076172,0.017089844
0.7175,0.049743652,0.034790039
0.718,0.068359375,0.057983398
0.7185,0.091247559,0.078735352
0.719,0.124206543,0.104370117
0.7195,0.11932373,0.113525391
0.72,0.106201172,0.108642578
0.7205,0.118408203,0.106811523
0.721,0.157470703,0.133666992
0.7215,0.147094727,0.133666992
0.722,0.133666992,0.122070313
0.7225,0.132141113,0.123596191
0.723,0.123596191,0.124816895
0.7235,0.10345459,0.111694336
0.724,0.09185791,0.102844238
0.7245,0.070495605,0.084228516
0.725,0.038146973,0.058288574
0.7255,0.004577637,0.033569336
0.726,-0.000305176,0.016479492
0.7265,-0.017089844,0.001831055
0.727,-0.035400391,-0.016174316
0.7275,-0.05279541,-0.038757324
0.728,-0.069274902,-0.054931641
0.7285,-0.094299316,-0.072937012
0.729,-0.123901367,-0.100097656
0.7295,-0.120544434,-0.106506348
0.73,-0.106811523,-0.094299316
0.7305,-0.1171875,-0.094604492
0.731,-0.155944824,-0.123291016
0.7315,-0.144348145,-0.126342773
0.732,-0.132141113,-0.11932373
0.7325,-0.131225586,-0.118408203
0.733,-0.123291016,-0.116882324
0.7335,-0.106201172,-0.100402832
0.734,-0.095825195,-0.092163086
0.7345,-0.074462891,-0.07598877
0.735,-0.038452148,-0.050964355
0.7355,-0.006713867,-0.028686523
0.736,-0.000305176,-0.023498535
0.7365,0.016479492,-0.015869141
0.737,0.028076172,-0.006713867
0.7375,0.050048828,0.010070801
0.738,0.071105957,0.029602051
0.7385,0.09552002,0.051269531
0.739,0.121459961,0.078430176
0.7395,0.115356445,0.089111328
0.74,0.101013184,0.084533691
0.7405,0.110778809,0.090942383
0.741,0.151367188,0.124511719
0.7415,0.13885498,0.125427246
0.742,0.126342773,0.118408203
0.7425,0.129394531,0.115661621
0.743,0.124206543,0.109558105
0.7435,0.105895996,0.09552002
0.744,0.093994141,0.081176758
0.7445,0.073547363,0.066833496
0.745,0.040893555,0.045776367
0.7455,0.009460449,0.022277832
0.746,0.002441406,0.013427734
0.7465,-0.012512207,0.001831055
0.747,-0.029907227,-0.013122559
0.7475,-0.049438477,-0.030822754
0.748,-0.065307617,-0.045471191
0.7485,-0.090942383,-0.065917969
0.749,-0.122070313,-0.094299316
0.7495,-0.118408203,-0.104675293
0.75,-0.102539063,-0.094909668
0.7505,-0.114746094,-0.097045898
0.751,-0.154724121,-0.12878418
0.7515,-0.145874023,-0.13092041
0.752,-0.135192871,-0.123901367
0.7525,-0.137023926,-0.126037598
0.753,-0.130615234,-0.124206543
0.7535,-0.112609863,-0.110473633
0.754,-0.101013184,-0.10559082
0.7545,-0.078125,-0.087585449
0.755,-0.039367676,-0.064697266
0.7555,-0.009460449,-0.038146973
0.756,0.000610352,-0.021972656
0.7565,0.016174316,-0.008239746
0.757,0.028076172,0.002746582
0.7575,0.049438477,0.021057129
0.758,0.068664551,0.040283203
0.7585,0.090637207,0.059204102
0.759,0.122375488,0.088195801
0.7595,0.118103027,0.098571777
0.76,0.10345459,0.093994141
0.7605,0.114746094,0.098876953
0.761,0.151672363,0.129699707
0.7615,0.137939453,0.129699707
0.762,0.124511719,0.121459961
0.7625,0.12512207,0.121765137
0.763,0.119018555,0.120544434
0.7635,0.099487305,0.113220215
0.764,0.084228516,0.106201172
0.7645,0.063476563,0.093994141
0.765,0.033569336,0.076904297
0.7655,0.001525879,0.053710938
0.766,-0.003662109,0.040588379
0.7665,-0.02166748,0.026855469
0.767,-0.036621094,0.015869141
0.7675,-0.054016113,-0.001831055
0.768,-0.072021484,-0.019226074
0.7685,-0.096130371,-0.042419434
0.769,-0.126037598,-0.070495605
0.7695,-0.126342773,-0.08026123
0.77,-0.110473633,-0.072021484
0.7705,-0.118713379,-0.074768066
0.771,-0.161743164,-0.10925293
0.7715,-0.150146484,-0.116577148
0.772,-0.137634277,-0.114135742
0.7725,-0.138549805,-0.11932373
0.773,-0.130615234,-0.120849609
0.7735,-0.111083984,-0.111694336
0.774,-0.102844238,-0.108032227
0.7745,-0.081481934,-0.08972168
0.775,-0.042724609,-0.058898926
0.7755,-0.013122559,-0.032043457
0.776,-0.002441406,-0.01953125
0.7765,0.012207031,-0.004882813
0.777,0.024108887,0.006713867
0.7775,0.042724609,0.023498535
0.778,0.061340332,0.036621094
0.7785,0.082092285,0.050964355
0.779,0.110778809,0.074157715
0.7795,0.111083984,0.080566406
0.78,0.095214844,0.073852539
0.7805,0.107116699,0.075683594
0.781,0.150146484,0.106201172
0.7815,0.139465332,0.107727051
0.782,0.129699707,0.101623535
0.7825,0.129699707,0.09979248
0.783,0.123291016,0.099487305
0.7835,0.105895996,0.090026855
0.784,0.093688965,0.083007813
0.7845,0.074462891,0.070495605
0.785,0.0390625,0.049133301
0.7855,0.008850098,0.027770996
0.786,0.00213623,0.015869141
0.7865,-0.016174316,0.002746582
0.787,-0.03326416,-0.011901855
0.7875,-0.054321289,-0.030517578
0.788,-0.069580078,-0.044250488
0.7885,-0.092468262,-0.060119629
0.789,-0.125732422,-0.087890625
0.7895,-0.126037598,-0.095214844
0.79,-0.110473633,-0.086364746
0.7905,-0.119018555,-0.086975098
0.791,-0.15838623,-0.117492676
0.7915,-0.14831543,-0.121459961
0.792,-0.13671875,-0.115356445
0.7925,-0.137634277,-0.115966797
0.793,-0.129089355,-0.112304688
0.7935,-0.110473633,-0.096740723
0.794,-0.098266602,-0.090332031
0.7945,-0.079345703,-0.079345703
0.795,-0.041809082,-0.059509277
0.7955,-0.012207031,-0.039672852
0.796,-0.000305176,-0.026855469
0.7965,0.015869141,-0.015563965
0.797,0.027770996,-0.002441406
0.7975,0.049438477,0.01739502
0.798,0.067138672,0.033569336
0.7985,0.087585449,0.049133301
0.799,0.11505127,0.073242188
0.7995,0.114135742,0.081176758
0.8,0.100708008,0.072631836
0.8005,0.109863281,0.074157715
0.801,0.149536133,0.101928711
0.8015,0.137634277,0.105285645
0.802,0.124511719,0.099182129
0.8025,0.124816895,0.101013184
0.803,0.118103027,0.100708008
0.8035,0.097351074,0.095214844
0.804,0.087585449,0.093078613
0.8045,0.068054199,0.08026123
0.805,0.033874512,0.057067871
0.8055,0.000305176,0.033874512
0.806,-0.007324219,0.023803711
0.8065,-0.02746582,0.011291504
0.807,-0.041809082,-0.005187988
0.8075,-0.059509277,-0.024719238
0.808,-0.075683594,-0.042114258
0.8085,-0.098876953,-0.062866211
0.809,-0.130310059,-0.092468262
0.8095,-0.127258301,-0.099487305
0.81,-0.111999512,-0.094909668
0.8105,-0.119628906,-0.101013184
0.811,-0.158691406,-0.135192871
0.8115,-0.148010254,-0.138244629
0.812,-0.137634277,-0.13092041
0.8125,-0.138244629,-0.131835938
0.813,-0.129699707,-0.127868652
0.8135,-0.111694336,-0.116271973
0.814,-0.102233887,-0.108642578
0.8145,-0.084838867,-0.094299316
0.815,-0.048522949,-0.068664551
0.8155,-0.014953613,-0.041809082
0.816,-0.003662109,-0.024719238
0.8165,0.008544922,-0.01373291
0.817,0.022277832,-0.001220703
0.8175,0.041809082,0.018005371
0.818,0.061035156,0.033569336
0.8185,0.079345703,0.049743652
0.819,0.108642578,0.074768066
0.8195,0.110473633,0.085144043
0.82,0.096740723,0.077514648
0.8205,0.105895996,0.079345703
0.821,0.148620605,0.112304688
0.8215,0.140075684,0.11932373
0.822,0.128479004,0.11138916
0.8225,0.127258301,0.109558105
0.823,0.121154785,0.110473633
0.8235,0.100402832,0.098876953
0.824,0.091247559,0.089416504
0.8245,0.07232666,0.072937012
0.825,0.037841797,0.047912598
0.8255,0.010986328,0.024414063
0.826,0.002441406,0.012817383
0.8265,-0.010986328,0.002746582
0.827,-0.029296875,-0.012512207
0.8275,-0.050354004,-0.029296875
0.828,-0.063171387,-0.039672852
0.8285,-0.087585449,-0.055847168
0.829,-0.121765137,-0.083312988
0.8295,-0.123901367,-0.091552734
0.83,-0.107421875,-0.080871582
0.8305,-0.113830566,-0.077819824
0.831,-0.152893066,-0.110473633
0.8315,-0.143737793,-0.114746094
0.832,-0.130615234,-0.104980469
0.8325,-0.135498047,-0.111083984
0.833,-0.126647949,-0.117492676
0.8335,-0.107116699,-0.117797852
0.834,-0.09552002,-0.123291016
0.8345,-0.074768066,-0.111083984
0.835,-0.0390625,-0.081787109
0.8355,-0.010986328,-0.056762695
0.836,-0.005493164,-0.043640137
0.8365,0.01373291,-0.023498535
0.837,0.020751953,-0.008850098
0.8375,0.041809082,0.008850098
0.838,0.064086914,0.02746582
0.8385,0.086364746,0.045471191
0.839,0.117492676,0.072937012
0.8395,0.117492676,0.082397461
0.84,0.101013184,0.076904297
0.8405,0.106506348,0.076904297
0.841,0.146179199,0.102844238
0.8415,0.138244629,0.10559082
0.842,0.127868652,0.098266602
0.8425,0.129089355,0.103149414
0.843,0.122680664,0.106201172
0.8435,0.102233887,0.097045898
0.844,0.092163086,0.088806152
0.8445,0.071105957,0.072631836
0.845,0.036621094,0.04699707
0.8455,0.00579834,0.019836426
0.846,-0.000305176,0.008239746
0.8465,-0.016479492,-0.003967285
0.847,-0.035400391,-0.016174316
0.8475,-0.05859375,-0.035705566
0.848,-0.076293945,-0.046386719
0.8485,-0.09552002,-0.062866211
0.849,-0.126037598,-0.088806152
0.8495,-0.126953125,-0.099182129
0.85,-0.10925293,-0.091247559
0.8505,-0.115661621,-0.092468262
0.851,-0.155944824,-0.122680664
0.8515,-0.146789551,-0.126953125
0.852,-0.134887695,-0.120239258
0.8525,-0.137023926,-0.12298584
0.853,-0.133666992,-0.122375488
0.8535,-0.111083984,-0.10925293
0.854,-0.100708008,-0.099182129
0.8545,-0.08026123,-0.084838867
0.855,-0.043640137,-0.058898926
0.8555,-0.014038086,-0.034790039
0.856,-0.002441406,-0.01953125
0.8565,0.010681152,-0.009155273
0.857,0.02532959,0.000305176
0.8575,0.043334961,0.014038086
0.858,0.061950684,0.033874512
0.8585,0.082397461,0.051574707
0.859,0.114135742,0.076904297
0.8595,0.113830566,0.086669922
0.86,0.100402832,0.076904297
0.8605,0.10559082,0.079040527
0.861,0.144042969,0.110168457
0.8615,0.136413574,0.117492676
0.862,0.124206543,0.111083984
0.8625,0.123291016,0.112609863
0.863,0.119628906,0.114135742
0.8635,0.100708008,0.106201172
0.864,0.090026855,0.099487305
0.8645,0.068359375,0.083618164
0.865,0.035705566,0.057983398
0.8655,0.006103516,0.032653809
0.866,-0.001525879,0.01739502
0.8665,-0.020141602,0
0.867,-0.037231445,-0.01739502
0.8675,-0.053405762,-0.031738281
0.868,-0.069885254,-0.044555664
0.8685,-0.093078613,-0.062866211
0.869,-0.12512207,-0.091247559
0.8695,-0.12512207,-0.101318359
0.87,-0.108642578,-0.090332031
0.8705,-0.112609863,-0.087585449
0.871,-0.15625,-0.118713379
0.8715,-0.146789551,-0.126953125
0.872,-0.133361816,-0.122680664
0.8725,-0.137939453,-0.120544434
0.873,-0.131530762,-0.119628906
0.8735,-0.112915039,-0.107421875
0.874,-0.104370117,-0.098571777
0.8745,-0.085144043,-0.081787109
0.875,-0.047607422,-0.055541992
0.8755,-0.016784668,-0.028076172
0.876,-0.00793457,-0.016479492
0.8765,0.007324219,-0.003967285
0.877,0.020446777,0.00793457
0.8775,0.039672852,0.026550293
0.878,0.060424805,0.046081543
0.8785,0.081787109,0.06439209
0.879,0.11138916,0.091552734
0.8795,0.11505127,0.103149414
0.88,0.101013184,0.100402832
0.8805,0.107116699,0.10345459
0.881,0.146484375,0.132446289
0.8815,0.139465332,0.137634277
0.882,0.124511719,0.123901367
0.8825,0.123901367,0.113830566
0.883,0.121459961,0.108032227
0.8835,0.104370117,0.094604492
0.884,0.093383789,0.082092285
0.8845,0.072937012,0.06652832
0.885,0.039367676,0.044555664
0.8855,0.008239746,0.026245117
0.886,-0.003051758,0.014953613
0.8865,-0.020446777,0.003051758
0.887,-0.036315918,-0.01159668
0.8875,-0.054931641,-0.028991699
0.888,-0.069885254,-0.045471191
0.8885,-0.091552734,-0.063171387
0.889,-0.120849609,-0.088195801
0.8895,-0.12298584,-0.09765625
0.89,-0.104370117,-0.084533691
0.8905,-0.109863281,-0.082092285
0.891,-0.153503418,-0.111999512
0.8915,-0.14831543,-0.121459961
0.892,-0.134277344,-0.116271973
0.8925,-0.134277344,-0.117492676
0.893,-0.12512207,-0.118408203
0.8935,-0.10559082,-0.106811523
0.894,-0.095214844,-0.10345459
0.8945,-0.076293945,-0.100402832
0.895,-0.040893555,-0.081787109
0.8955,-0.011291504,-0.060424805
0.896,0.001831055,-0.041809082
0.8965,0.016479492,-0.03112793
0.897,0.027160645,-0.017089844
0.8975,0.046691895,0.000915527
0.898,0.067138672,0.020751953
0.8985,0.088195801,0.042419434
0.899,0.117797852,0.072021484
0.8995,0.120239258,0.085449219
0.9,0.106201172,0.078735352
0.9005,0.108642578,0.080566406
0.901,0.151672363,0.112609863
0.9015,0.142211914,0.123596191
0.902,0.126647949,0.121459961
0.9025,0.129699707,0.126342773
0.903,0.126953125,0.129699707
0.9035,0.106506348,0.117797852
0.904,0.096130371,0.106811523
0.9045,0.073242188,0.087890625
0.905,0.040893555,0.061950684
0.9055,0.007324219,0.035400391
0.906,-0.001220703,0.021972656
0.9065,-0.016174316,0.006713867
0.907,-0.030517578,-0.007629395
0.9075,-0.050964355,-0.021362305
0.908,-0.068359375,-0.036621094
0.9085,-0.089111328,-0.052490234
0.909,-0.121154785,-0.080566406
0.9095,-0.123901367,-0.090637207
0.91,-0.104064941,-0.084228516
0.9105,-0.105895996,-0.083618164
0.911,-0.14831543,-0.110778809
0.9115,-0.140686035,-0.119018555
0.912,-0.12878418,-0.110473633
0.9125,-0.128479004,-0.107727051
0.913,-0.123596191,-0.104675293
0.9135,-0.107116699,-0.090637207
0.914,-0.09979248,-0.08605957
0.9145,-0.079345703,-0.07019043
0.915,-0.045776367,-0.043945313
0.9155,-0.016479492,-0.021057129
0.916,-0.00213623,-0.005187988
0.9165,0.012207031,0.005187988
0.917,0.025634766,0.016784668
0.9175,0.046081543,0.031433105
0.918,0.06652832,0.045166016
0.9185,0.086364746,0.062561035
0.919,0.118408203,0.088806152
0.9195,0.119628906,0.101013184
0.92,0.104064941,0.093078613
0.9205,0.105285645,0.092773438
0.921,0.146179199,0.120544434
0.9215,0.140991211,0.127868652
0.922,0.126342773,0.115661621
0.9225,0.127563477,0.11138916
0.923,0.126953125,0.111694336
0.9235,0.106811523,0.100097656
0.924,0.096130371,0.092163086
0.9245,0.076904297,0.083618164
0.925,0.040588379,0.061340332
0.9255,0.009155273,0.03692627
0.926,-0.001831055,0.020751953
0.9265,-0.016479492,0.004272461
0.927,-0.034179688,-0.013122559
0.9275,-0.051269531,-0.027770996
0.928,-0.065612793,-0.034484863
0.9285,-0.086669922,-0.050964355
0.929,-0.117797852,-0.072937012
0.9295,-0.121459961,-0.082702637
0.93,-0.102844238,-0.074462891
0.9305,-0.104675293,-0.072937012
0.931,-0.145874023,-0.101623535
0.9315,-0.140380859,-0.109558105
0.932,-0.126647949,-0.106506348
0.9325,-0.127563477,-0.111083984
0.933,-0.121154785,-0.11138916
0.9335,-0.101318359,-0.098876953
0.934,-0.093383789,-0.089111328
0.9345,-0.07598877,-0.074768066
0.935,-0.039367676,-0.050354004
0.9355,-0.006103516,-0.029907227
0.936,0.004272461,-0.021362305
0.9365,0.021972656,-0.009460449
0.937,0.030822754,0.000915527
0.9375,0.049438477,0.015563965
0.938,0.069580078,0.030212402
0.9385,0.090026855,0.050048828
0.939,0.120849609,0.079345703
0.9395,0.126342773,0.092468262
0.94,0.110778809,0.084228516
0.9405,0.112304688,0.081481934
0.941,0.153198242,0.110168457
0.9415,0.147399902,0.114135742
0.942,0.133361816,0.101318359
0.9425,0.134277344,0.098266602
0.943,0.131225586,0.09765625
0.9435,0.110168457,0.085144043
0.944,0.096740723,0.076904297
0.9445,0.076599121,0.065612793
0.945,0.041809082,0.045471191
0.9455,0.008239746,0.020751953
0.946,-0.001220703,0.008544922
0.9465,-0.014953613,-0.000915527
0.947,-0.030822754,-0.008239746
0.9475,-0.05065918,-0.02166748
0.948,-0.065307617,-0.032958984
0.9485,-0.08026123,-0.043640137
0.949,-0.112609863,-0.067138672
0.9495,-0.1171875,-0.078125
0.95,-0.099182129,-0.073852539
0.9505,-0.101318359,-0.075073242
0.951,-0.145263672,-0.110168457
0.9515,-0.143127441,-0.121459961
0.952,-0.131835938,-0.116271973
0.9525,-0.131835938,-0.117492676
0.953,-0.127563477,-0.115356445
0.9535,-0.106201172,-0.103149414
0.954,-0.093383789,-0.092163086
0.9545,-0.07598877,-0.079040527
0.955,-0.038757324,-0.053710938
0.9555,-0.007629395,-0.030822754
0.956,0.005493164,-0.016174316
0.9565,0.018920898,-0.004882813
0.957,0.032348633,0.004882813
0.9575,0.049743652,0.02166748
0.958,0.067749023,0.039672852
0.9585,0.089111328,0.059509277
0.959,0.121459961,0.086975098
0.9595,0.123596191,0.099487305
0.96,0.107727051,0.097045898
0.9605,0.110168457,0.098266602
0.961,0.151062012,0.130615234
0.9615,0.147705078,0.141601563
0.962,0.131835938,0.132751465
0.9625,0.134277344,0.133056641
0.963,0.131530762,0.13092041
0.9635,0.112915039,0.1171875
0.964,0.102233887,0.102233887
0.9645,0.082702637,0.084838867
0.965,0.049133301,0.062561035
0.9655,0.015258789,0.037231445
0.966,0.004272461,0.021972656
0.9665,-0.011291504,0.012512207
0.967,-0.030212402,0.001831055
0.9675,-0.048217773,-0.012207031
0.968,-0.065917969,-0.028381348
0.9685,-0.083618164,-0.047607422
0.969,-0.115356445,-0.075378418
0.9695,-0.119628906,-0.08972168
0.97,-0.10559082,-0.08392334
0.9705,-0.104370117,-0.084228516
0.971,-0.146484375,-0.110473633
0.9715,-0.143432617,-0.119628906
0.972,-0.130615234,-0.112609863
0.9725,-0.131835938,-0.114440918
0.973,-0.125732422,-0.111083984
0.9735,-0.108337402,-0.097045898
0.974,-0.098266602,-0.091247559
0.9745,-0.078735352,-0.076904297
0.975,-0.041503906,-0.057373047
0.9755,-0.010681152,-0.036315918
0.976,0.002746582,-0.024108887
0.9765,0.016174316,-0.011901855
0.977,0.025939941,-0.00213623
0.9775,0.044250488,0.012817383
0.978,0.068054199,0.034179688
0.9785,0.088500977,0.054321289
0.979,0.118408203,0.08392334
0.9795,0.121459961,0.100402832
0.98,0.101318359,0.100402832
0.9805,0.100097656,0.102233887
0.981,0.143737793,0.132141113
0.9815,0.13885498,0.140380859
0.982,0.122680664,0.130004883
0.9825,0.123901367,0.126647949
0.983,0.121459961,0.127868652
0.9835,0.101623535,0.114135742
0.984,0.088500977,0.102844238
0.9845,0.070800781,0.086364746
0.985,0.036010742,0.059509277
0.9855,0.002746582,0.032043457
0.986,-0.008850098,0.017700195
0.9865,-0.023803711,0.005187988
0.987,-0.039672852,-0.010375977
0.9875,-0.057373047,-0.028686523
0.988,-0.075073242,-0.041809082
0.9885,-0.093994141,-0.055541992
0.989,-0.126953125,-0.083312988
0.9895,-0.130615234,-0.099182129
0.99,-0.114746094,-0.092163086
0.9905,-0.114135742,-0.089111328
0.991,-0.15838623,-0.11932373
0.9915,-0.155334473,-0.127563477
0.992,-0.140686035,-0.119018555
0.9925,-0.141296387,-0.118103027
0.993,-0.137023926,-0.114746094
0.9935,-0.115661621,-0.100097656
0.994,-0.107421875,-0.093383789
0.9945,-0.089111328,-0.080566406
0.995,-0.05065918,-0.057067871
0.9955,-0.017700195,-0.032653809
0.996,-0.006408691,-0.01739502
0.9965,0.008850098,-0.006713867
0.997,0.018615723,0.005493164
0.9975,0.043029785,0.026245117
0.998,0.061950684,0.043945313
0.9985,0.084533691,0.061645508
0.999,0.1171875,0.090637207
0.9995,0.121154785,0.105895996
1,0.107421875,0.103759766
